produto;molecula;laboratorio
Ozempic;semaglutida;Novo Nordisk
Wegovy;semaglutida;Novo Nordisk
Rybelsus;semaglutida;Novo Nordisk
Jardiance;empagliflozina;Boehringer Ingelheim
Glyxambi;empagliflozina + linagliptina;Boehringer Ingelheim
Xigduo;dapagliflozina + metformina;AstraZeneca
Forxiga;dapagliflozina;AstraZeneca
Januvia;sitagliptina;MSD
Janumet;sitagliptina + metformina;MSD
Galvus;vildagliptina;Novartis
Trayenta;linagliptina;Boehringer Ingelheim
Mounjaro;tirzepatida;Eli Lilly
Victoza;liraglutida;Novo Nordisk
Saxenda;liraglutida;Novo Nordisk
Symbicort;budesonida + formoterol;AstraZeneca
Alenia;budesonida + formoterol;Libbs
Foraseq;budesonida + formoterol;Novartis
Selozok;succinato de metoprolol;AstraZeneca
Aradois;losartana;Biolab
Cozaar;losartana;MSD
Crestor;rosuvastatina;AstraZeneca
Lipitor;atorvastatina;Viatris
Glifage;metformina;Merck
Xarelto;rivaroxabana;Bayer
Eliquis;apixabana;Pfizer
